[
  {
    "colo_id": 0,
    "colo_name": "sfo04",
    "colo_alias": "San Francisco, CA",
    "colo_city": "san francisco",
    "colo_state": "california",
    "colo_note": "",
    "colo_status": "D",
    "colo_region": "WNAM",
    "colo_code": "SFO-DOG",
    "isp_id": "",
    "tier": "0",
    "edge": "1"
  },
  {
    "colo_id": 1,
    "colo_name": "sc_ord02",
    "colo_alias": "Chicago, IL",
    "colo_city": "chicago",
    "colo_state": "illinois",
    "colo_note": "",
    "colo_status": "R",
    "colo_region": "NAM",
    "colo_code": "ORD",
    "isp_id": "",
    "tier": "",
    "edge": ""
  },
  {
    "colo_id": 2,
    "colo_name": "ash1",
    "colo_alias": "Ashburn, VA",
    "colo_city": "ashburn",
    "colo_state": "virginia",
    "colo_note": "",
    "colo_status": "R",
    "colo_region": "NAM",
    "colo_code": "ASH",
    "isp_id": "",
    "tier": "",
    "edge": ""
  },
  {
    "colo_id": 4,
    "colo_name": "sjc01",
    "colo_alias": "San Jose, CA",
    "colo_city": "san jose",
    "colo_state": "california",
    "colo_note": "",
    "colo_status": "V",
    "colo_region": "WNAM",
    "colo_code": "SJC",
    "isp_id": "",
    "tier": "1",
    "edge": "1"
  },
  {
    "colo_id": 5,
    "colo_name": "linode_nj",
    "colo_alias": "Newark, NJ",
    "colo_city": "newark",
    "colo_state": "new jersey",
    "colo_note": "linode server colo",
    "colo_status": "R",
    "colo_region": "",
    "colo_code": "",
    "isp_id": "",
    "tier": "",
    "edge": ""
  },
  {
    "colo_id": 6,
    "colo_name": "linode_ca",
    "colo_alias": "Fremont, CA",
    "colo_city": "fremont",
    "colo_state": "california",
    "colo_note": "linode server colo",
    "colo_status": "R",
    "colo_region": "",
    "colo_code": "",
    "isp_id": "",
    "tier": "",
    "edge": ""
  },
  {
    "colo_id": 7,
    "colo_name": "linode_tx",
    "colo_alias": "Dallas, TX",
    "colo_city": "dallas",
    "colo_state": "texas",
    "colo_note": "linode server colo",
    "colo_status": "R",
    "colo_region": "",
    "colo_code": "",
    "isp_id": "",
    "tier": "",
    "edge": ""
  },
  {
    "colo_id": 8,
    "colo_name": "ams1",
    "colo_alias": "Amsterdam, NL",
    "colo_city": "amsterdam",
    "colo_state": "",
    "colo_note": "",
    "colo_status": "R",
    "colo_region": "EU",
    "colo_code": "AMS",
    "isp_id": "",
    "tier": "",
    "edge": ""
  },
  {
    "colo_id": 9,
    "colo_name": "tko1",
    "colo_alias": "Tokyo, JP",
    "colo_city": "tokyo",
    "colo_state": "",
    "colo_note": "",
    "colo_status": "R",
    "colo_region": "APAC",
    "colo_code": "TKO",
    "isp_id": "",
    "tier": "",
    "edge": ""
  },
  {
    "colo_id": 10,
    "colo_name": "CloudFlare System",
    "colo_alias": "CloudFlare System",
    "colo_city": "",
    "colo_state": "",
    "colo_note": "",
    "colo_status": "R",
    "colo_region": "",
    "colo_code": "",
    "isp_id": "",
    "tier": "",
    "edge": ""
  },
  {
    "colo_id": 11,
    "colo_name": "ewr01",
    "colo_alias": "Newark, NJ",
    "colo_city": "newark",
    "colo_state": "new jersey",
    "colo_note": "",
    "colo_status": "V",
    "colo_region": "ENAM",
    "colo_code": "EWR",
    "isp_id": "",
    "tier": "1",
    "edge": "1"
  },
  {
    "colo_id": 12,
    "colo_name": "lax01",
    "colo_alias": "Los Angeles, CA",
    "colo_city": "los angeles",
    "colo_state": "california",
    "colo_note": "",
    "colo_status": "V",
    "colo_region": "WNAM",
    "colo_code": "LAX",
    "isp_id": "",
    "tier": "1",
    "edge": "1"
  },
  {
    "colo_id": 14,
    "colo_name": "ord02",
    "colo_alias": "Chicago, IL",
    "colo_city": "chicago",
    "colo_state": "illinois",
    "colo_note": "",
    "colo_status": "V",
    "colo_region": "ENAM",
    "colo_code": "ORD",
    "isp_id": "",
    "tier": "1",
    "edge": "1"
  },
  {
    "colo_id": 15,
    "colo_name": "dfw01",
    "colo_alias": "Dallas, TX",
    "colo_city": "dallas",
    "colo_state": "texas",
    "colo_note": "",
    "colo_status": "V",
    "colo_region": "WNAM",
    "colo_code": "DFW",
    "isp_id": "",
    "tier": "1",
    "edge": "1"
  },
  {
    "colo_id": 16,
    "colo_name": "iad02",
    "colo_alias": "Ashburn, VA",
    "colo_city": "ashburn",
    "colo_state": "virginia",
    "colo_note": "",
    "colo_status": "V",
    "colo_region": "ENAM",
    "colo_code": "IAD",
    "isp_id": "",
    "tier": "1",
    "edge": "1"
  },
  {
    "colo_id": 17,
    "colo_name": "mia01",
    "colo_alias": "Miami, FL",
    "colo_city": "miami",
    "colo_state": "florida",
    "colo_note": "",
    "colo_status": "V",
    "colo_region": "ENAM",
    "colo_code": "MIA",
    "isp_id": "",
    "tier": "1",
    "edge": "1"
  },
  {
    "colo_id": 18,
    "colo_name": "fra01",
    "colo_alias": "Frankfurt, DE",
    "colo_city": "frankfurt",
    "colo_state": "",
    "colo_note": "",
    "colo_status": "R",
    "colo_region": "EU",
    "colo_code": "FRA",
    "isp_id": "",
    "tier": "",
    "edge": ""
  },
  {
    "colo_id": 19,
    "colo_name": "cdg01",
    "colo_alias": "Paris, FR",
    "colo_city": "paris",
    "colo_state": "",
    "colo_note": "",
    "colo_status": "V",
    "colo_region": "WEUR",
    "colo_code": "CDG",
    "isp_id": "",
    "tier": "1",
    "edge": "1"
  },
  {
    "colo_id": 20,
    "colo_name": "ams01",
    "colo_alias": "Amsterdam, NL",
    "colo_city": "amsterdam",
    "colo_state": "",
    "colo_note": "",
    "colo_status": "V",
    "colo_region": "WEUR",
    "colo_code": "AMS",
    "isp_id": "",
    "tier": "1",
    "edge": "1"
  },
  {
    "colo_id": 21,
    "colo_name": "lhr01",
    "colo_alias": "London, GB",
    "colo_city": "london",
    "colo_state": "",
    "colo_note": "",
    "colo_status": "V",
    "colo_region": "WEUR",
    "colo_code": "LHR",
    "isp_id": "",
    "tier": "1",
    "edge": "1"
  },
  {
    "colo_id": 22,
    "colo_name": "nrt01",
    "colo_alias": "Tokyo, JP",
    "colo_city": "tokyo",
    "colo_state": "",
    "colo_note": "",
    "colo_status": "V",
    "colo_region": "APAC",
    "colo_code": "NRT",
    "isp_id": "",
    "tier": "1",
    "edge": "1"
  },
  {
    "colo_id": 23,
    "colo_name": "hkg01",
    "colo_alias": "Hong Kong, HK",
    "colo_city": "hong kong",
    "colo_state": "",
    "colo_note": "",
    "colo_status": "V",
    "colo_region": "APAC",
    "colo_code": "HKG",
    "isp_id": "",
    "tier": "1",
    "edge": "1"
  },
  {
    "colo_id": 24,
    "colo_name": "sin01",
    "colo_alias": "Singapore, SG",
    "colo_city": "singapore",
    "colo_state": "",
    "colo_note": "",
    "colo_status": "R",
    "colo_region": "APAC",
    "colo_code": "SIN",
    "isp_id": "",
    "tier": "",
    "edge": ""
  },
  {
    "colo_id": 25,
    "colo_name": "sfo01",
    "colo_alias": "San Francisco, CA",
    "colo_city": "san francisco",
    "colo_state": "california",
    "colo_note": "",
    "colo_status": "I",
    "colo_region": "WNAM",
    "colo_code": "SFO",
    "isp_id": "",
    "tier": "0",
    "edge": ""
  },
  {
    "colo_id": 26,
    "colo_name": "syd01",
    "colo_alias": "Sydney, AU",
    "colo_city": "sydney",
    "colo_state": "",
    "colo_note": "",
    "colo_status": "V",
    "colo_region": "OC",
    "colo_code": "SYD",
    "isp_id": "",
    "tier": "1",
    "edge": "1"
  },
  {
    "colo_id": 27,
    "colo_name": "atl01",
    "colo_alias": "Atlanta, GA",
    "colo_city": "atlanta",
    "colo_state": "georgia",
    "colo_note": "",
    "colo_status": "V",
    "colo_region": "ENAM",
    "colo_code": "ATL",
    "isp_id": "",
    "tier": "1",
    "edge": "1"
  },
  {
    "colo_id": 28,
    "colo_name": "sea01",
    "colo_alias": "Seattle, WA",
    "colo_city": "seattle",
    "colo_state": "washington",
    "colo_note": "",
    "colo_status": "V",
    "colo_region": "WNAM",
    "colo_code": "SEA",
    "isp_id": "",
    "tier": "1",
    "edge": "1"
  },
  {
    "colo_id": 29,
    "colo_name": "yyz01",
    "colo_alias": "Toronto, ON",
    "colo_city": "toronto",
    "colo_state": "ontario",
    "colo_note": "",
    "colo_status": "V",
    "colo_region": "ENAM",
    "colo_code": "YYZ",
    "isp_id": "",
    "tier": "2",
    "edge": "1"
  },
  {
    "colo_id": 30,
    "colo_name": "vie01",
    "colo_alias": "Vienna, AT",
    "colo_city": "vienna",
    "colo_state": "",
    "colo_note": "",
    "colo_status": "D",
    "colo_region": "EEUR",
    "colo_code": "VIE",
    "isp_id": "",
    "tier": "",
    "edge": "1"
  },
  {
    "colo_id": 31,
    "colo_name": "prg01",
    "colo_alias": "Prague, CZ",
    "colo_city": "prague",
    "colo_state": "",
    "colo_note": "",
    "colo_status": "V",
    "colo_region": "EEUR",
    "colo_code": "PRG",
    "isp_id": "",
    "tier": "1",
    "edge": "1"
  },
  {
    "colo_id": 32,
    "colo_name": "arn01",
    "colo_alias": "Stockholm, SE",
    "colo_city": "stockholm",
    "colo_state": "",
    "colo_note": "",
    "colo_status": "D",
    "colo_region": "EEUR",
    "colo_code": "ARN",
    "isp_id": "",
    "tier": "1",
    "edge": "1"
  },
  {
    "colo_id": 33,
    "colo_name": "waw01",
    "colo_alias": "Warsaw, PL",
    "colo_city": "warsaw",
    "colo_state": "",
    "colo_note": "",
    "colo_status": "D",
    "colo_region": "EEUR",
    "colo_code": "WAW",
    "isp_id": "",
    "tier": "",
    "edge": "1"
  },
  {
    "colo_id": 34,
    "colo_name": "icn01",
    "colo_alias": "Seoul, KR",
    "colo_city": "seoul",
    "colo_state": "",
    "colo_note": "",
    "colo_status": "V",
    "colo_region": "APAC",
    "colo_code": "ICN",
    "isp_id": "",
    "tier": "1",
    "edge": "1"
  },
  {
    "colo_id": 35,
    "colo_name": "sin02",
    "colo_alias": "Singapore, SG",
    "colo_city": "singapore",
    "colo_state": "",
    "colo_note": "",
    "colo_status": "V",
    "colo_region": "APAC",
    "colo_code": "SIN",
    "isp_id": "",
    "tier": "1",
    "edge": "1"
  },
  {
    "colo_id": 36,
    "colo_name": "pdx01",
    "colo_alias": "Hillsboro, OR",
    "colo_city": "hillsboro",
    "colo_state": "oregon",
    "colo_note": "",
    "colo_status": "I",
    "colo_region": "WNAM",
    "colo_code": "PDX",
    "isp_id": "",
    "tier": "0",
    "edge": ""
  },
  {
    "colo_id": 37,
    "colo_name": "fra02",
    "colo_alias": "Frankfurt, DE",
    "colo_city": "frankfurt",
    "colo_state": "",
    "colo_note": "",
    "colo_status": "R",
    "colo_region": "EU",
    "colo_code": "FRA",
    "isp_id": "",
    "tier": "",
    "edge": "1"
  },
  {
    "colo_id": 38,
    "colo_name": "scl01",
    "colo_alias": "Valparaiso, CL",
    "colo_city": "valparaiso",
    "colo_state": "",
    "colo_note": "",
    "colo_status": "V",
    "colo_region": "SAM",
    "colo_code": "SCL",
    "isp_id": "",
    "tier": "1",
    "edge": "1"
  },
  {
    "colo_id": 39,
    "colo_name": "mxp01",
    "colo_alias": "Milan, IT",
    "colo_city": "milan",
    "colo_state": "",
    "colo_note": "",
    "colo_status": "V",
    "colo_region": "EEUR",
    "colo_code": "MXP",
    "isp_id": "",
    "tier": "1",
    "edge": "1"
  },
  {
    "colo_id": 40,
    "colo_name": "mad01",
    "colo_alias": "Madrid, ES",
    "colo_city": "madrid",
    "colo_state": "",
    "colo_note": "",
    "colo_status": "V",
    "colo_region": "WEUR",
    "colo_code": "MAD",
    "isp_id": "",
    "tier": "1",
    "edge": "1"
  },
  {
    "colo_id": 41,
    "colo_name": "mde01",
    "colo_alias": "Medllin, CO",
    "colo_city": "medllin",
    "colo_state": "",
    "colo_note": "",
    "colo_status": "V",
    "colo_region": "SAM",
    "colo_code": "MDE",
    "isp_id": "",
    "tier": "3",
    "edge": "1"
  },
  {
    "colo_id": 42,
    "colo_name": "gru01",
    "colo_alias": "São Paulo, BR",
    "colo_city": "são paulo",
    "colo_state": "",
    "colo_note": "",
    "colo_status": "D",
    "colo_region": "SAM",
    "colo_code": "GRU",
    "isp_id": "",
    "tier": "",
    "edge": "1"
  },
  {
    "colo_id": 43,
    "colo_name": "lim01",
    "colo_alias": "Lima, PE",
    "colo_city": "lima",
    "colo_state": "",
    "colo_note": "",
    "colo_status": "V",
    "colo_region": "SAM",
    "colo_code": "LIM",
    "isp_id": "",
    "tier": "0",
    "edge": "1"
  },
  {
    "colo_id": 44,
    "colo_name": "eze01",
    "colo_alias": "Buenos Aires, AR",
    "colo_city": "buenos aires",
    "colo_state": "",
    "colo_note": "",
    "colo_status": "V",
    "colo_region": "SAM",
    "colo_code": "EZE",
    "isp_id": "",
    "tier": "2",
    "edge": "1"
  },
  {
    "colo_id": 45,
    "colo_name": "jnb01",
    "colo_alias": "Johannesburg, ZA",
    "colo_city": "johannesburg",
    "colo_state": "",
    "colo_note": "",
    "colo_status": "V",
    "colo_region": "AFR",
    "colo_code": "JNB",
    "isp_id": "",
    "tier": "3",
    "edge": "1"
  },
  {
    "colo_id": 46,
    "colo_name": "akl01",
    "colo_alias": "Auckland, NZ",
    "colo_city": "auckland",
    "colo_state": "",
    "colo_note": "",
    "colo_status": "V",
    "colo_region": "OC",
    "colo_code": "AKL",
    "isp_id": "",
    "tier": "3",
    "edge": "1"
  },
  {
    "colo_id": 47,
    "colo_name": "mel01",
    "colo_alias": "Melbourne, AU",
    "colo_city": "melbourne",
    "colo_state": "",
    "colo_note": "",
    "colo_status": "V",
    "colo_region": "OC",
    "colo_code": "MEL",
    "isp_id": "",
    "tier": "1",
    "edge": "1"
  },
  {
    "colo_id": 48,
    "colo_name": "dus01",
    "colo_alias": "Dusseldorf, DE",
    "colo_city": "dusseldorf",
    "colo_state": "",
    "colo_note": "",
    "colo_status": "V",
    "colo_region": "WEUR",
    "colo_code": "DUS",
    "isp_id": "",
    "tier": "2",
    "edge": "1"
  },
  {
    "colo_id": 49,
    "colo_name": "mrs01",
    "colo_alias": "Marseille, FR",
    "colo_city": "marseille",
    "colo_state": "",
    "colo_note": "",
    "colo_status": "V",
    "colo_region": "WEUR",
    "colo_code": "MRS",
    "isp_id": "",
    "tier": "2",
    "edge": "1"
  },
  {
    "colo_id": 50,
    "colo_name": "otp01",
    "colo_alias": "Bucharest, RO",
    "colo_city": "bucharest",
    "colo_state": "",
    "colo_note": "",
    "colo_status": "V",
    "colo_region": "EEUR",
    "colo_code": "OTP",
    "isp_id": "",
    "tier": "2",
    "edge": "1"
  },
  {
    "colo_id": 51,
    "colo_name": "kix01",
    "colo_alias": "Osaka, JP",
    "colo_city": "osaka",
    "colo_state": "",
    "colo_note": "",
    "colo_status": "V",
    "colo_region": "APAC",
    "colo_code": "KIX",
    "isp_id": "",
    "tier": "1",
    "edge": "1"
  },
  {
    "colo_id": 52,
    "colo_name": "dub01",
    "colo_alias": "Dublin, IE",
    "colo_city": "dublin",
    "colo_state": "",
    "colo_note": "",
    "colo_status": "V",
    "colo_region": "WEUR",
    "colo_code": "DUB",
    "isp_id": "",
    "tier": "2",
    "edge": "1"
  },
  {
    "colo_id": 53,
    "colo_name": "kwi01",
    "colo_alias": "Kuwait City, KW",
    "colo_city": "kuwait city",
    "colo_state": "",
    "colo_note": "",
    "colo_status": "V",
    "colo_region": "ME",
    "colo_code": "KWI",
    "isp_id": "",
    "tier": "3",
    "edge": "1"
  },
  {
    "colo_id": 54,
    "colo_name": "doh01",
    "colo_alias": "Doha, QA",
    "colo_city": "doha",
    "colo_state": "",
    "colo_note": "",
    "colo_status": "V",
    "colo_region": "ME",
    "colo_code": "DOH",
    "isp_id": "",
    "tier": "3",
    "edge": "1"
  },
  {
    "colo_id": 55,
    "colo_name": "mct01",
    "colo_alias": "Muscat, OM",
    "colo_city": "muscat",
    "colo_state": "",
    "colo_note": "",
    "colo_status": "V",
    "colo_region": "ME",
    "colo_code": "MCT",
    "isp_id": "",
    "tier": "3",
    "edge": "1"
  },
  {
    "colo_id": 56,
    "colo_name": "kul01",
    "colo_alias": "Kuala Lumpur, MY",
    "colo_city": "kuala lumpur",
    "colo_state": "",
    "colo_note": "",
    "colo_status": "V",
    "colo_region": "APAC",
    "colo_code": "KUL",
    "isp_id": "",
    "tier": "1",
    "edge": "1"
  },
  {
    "colo_id": 57,
    "colo_name": "del01",
    "colo_alias": "New Delhi, IN",
    "colo_city": "new delhi",
    "colo_state": "",
    "colo_note": "",
    "colo_status": "V",
    "colo_region": "APAC",
    "colo_code": "DEL",
    "isp_id": "",
    "tier": "0",
    "edge": "1"
  },
  {
    "colo_id": 58,
    "colo_name": "bom01",
    "colo_alias": "Mumbai, IN",
    "colo_city": "mumbai",
    "colo_state": "",
    "colo_note": "",
    "colo_status": "V",
    "colo_region": "APAC",
    "colo_code": "BOM",
    "isp_id": "",
    "tier": "0",
    "edge": "1"
  },
  {
    "colo_id": 59,
    "colo_name": "maa01",
    "colo_alias": "Chennai, IN",
    "colo_city": "chennai",
    "colo_state": "",
    "colo_note": "",
    "colo_status": "V",
    "colo_region": "APAC",
    "colo_code": "MAA",
    "isp_id": "",
    "tier": "0",
    "edge": "1"
  },
  {
    "colo_id": 60,
    "colo_name": "dxb01",
    "colo_alias": "Dubai, AE",
    "colo_city": "dubai",
    "colo_state": "",
    "colo_note": "",
    "colo_status": "V",
    "colo_region": "ME",
    "colo_code": "DXB",
    "isp_id": "",
    "tier": "3",
    "edge": "1"
  },
  {
    "colo_id": 61,
    "colo_name": "mba01",
    "colo_alias": "Mombasa, KE",
    "colo_city": "mombasa",
    "colo_state": "",
    "colo_note": "",
    "colo_status": "V",
    "colo_region": "AFR",
    "colo_code": "MBA",
    "isp_id": "",
    "tier": "3",
    "edge": "1"
  },
  {
    "colo_id": 62,
    "colo_name": "cai01",
    "colo_alias": "Cairo, EG",
    "colo_city": "cairo",
    "colo_state": "",
    "colo_note": "",
    "colo_status": "V",
    "colo_region": "AFR",
    "colo_code": "CAI",
    "isp_id": "",
    "tier": "3",
    "edge": "1"
  },
  {
    "colo_id": 63,
    "colo_name": "man01",
    "colo_alias": "Manchester, GB",
    "colo_city": "manchester",
    "colo_state": "",
    "colo_note": "",
    "colo_status": "V",
    "colo_region": "WEUR",
    "colo_code": "MAN",
    "isp_id": "",
    "tier": "2",
    "edge": "1"
  },
  {
    "colo_id": 64,
    "colo_name": "zrh01",
    "colo_alias": "Zurich, CH",
    "colo_city": "zurich",
    "colo_state": "",
    "colo_note": "",
    "colo_status": "V",
    "colo_region": "EEUR",
    "colo_code": "ZRH",
    "isp_id": "",
    "tier": "2",
    "edge": "1"
  },
  {
    "colo_id": 65,
    "colo_name": "cph01",
    "colo_alias": "Copenhagen, DK",
    "colo_city": "copenhagen",
    "colo_state": "",
    "colo_note": "",
    "colo_status": "V",
    "colo_region": "EEUR",
    "colo_code": "CPH",
    "isp_id": "",
    "tier": "2",
    "edge": "1"
  },
  {
    "colo_id": 66,
    "colo_name": "phx01",
    "colo_alias": "Phoenix, AZ",
    "colo_city": "phoenix",
    "colo_state": "arizona",
    "colo_note": "EdgeConneX",
    "colo_status": "V",
    "colo_region": "WNAM",
    "colo_code": "PHX",
    "isp_id": "",
    "tier": "3",
    "edge": "1"
  },
  {
    "colo_id": 67,
    "colo_name": "txl01",
    "colo_alias": "Berlin, DE",
    "colo_city": "berlin",
    "colo_state": "",
    "colo_note": "",
    "colo_status": "V",
    "colo_region": "EEUR",
    "colo_code": "TXL",
    "isp_id": "",
    "tier": "2",
    "edge": "1"
  },
  {
    "colo_id": 68,
    "colo_name": "mnl01",
    "colo_alias": "Manila, PH",
    "colo_city": "manila",
    "colo_state": "",
    "colo_note": "",
    "colo_status": "V",
    "colo_region": "APAC",
    "colo_code": "MNL",
    "isp_id": "",
    "tier": "3",
    "edge": "1"
  },
  {
    "colo_id": 69,
    "colo_name": "yvr01",
    "colo_alias": "Vancouver, BC",
    "colo_city": "vancouver",
    "colo_state": "british columbia",
    "colo_note": "",
    "colo_status": "V",
    "colo_region": "WNAM",
    "colo_code": "YVR",
    "isp_id": "",
    "tier": "2",
    "edge": "1"
  },
  {
    "colo_id": 70,
    "colo_name": "yul01",
    "colo_alias": "Montreal, QC",
    "colo_city": "montreal",
    "colo_state": "quebec",
    "colo_note": "",
    "colo_status": "V",
    "colo_region": "ENAM",
    "colo_code": "YUL",
    "isp_id": "",
    "tier": "2",
    "edge": "1"
  },
  {
    "colo_id": 71,
    "colo_name": "fra03",
    "colo_alias": "Frankfurt, DE",
    "colo_city": "frankfurt",
    "colo_state": "",
    "colo_note": "",
    "colo_status": "V",
    "colo_region": "EEUR",
    "colo_code": "FRA",
    "isp_id": "",
    "tier": "1",
    "edge": "1"
  },
  {
    "colo_id": 72,
    "colo_name": "msp01",
    "colo_alias": "Minneapolis, MN",
    "colo_city": "minneapolis",
    "colo_state": "minnesota",
    "colo_note": "",
    "colo_status": "V",
    "colo_region": "ENAM",
    "colo_code": "MSP",
    "isp_id": "",
    "tier": "2",
    "edge": "1"
  },
  {
    "colo_id": 73,
    "colo_name": "waw02",
    "colo_alias": "Warsaw, PL",
    "colo_city": "warsaw",
    "colo_state": "",
    "colo_note": "",
    "colo_status": "V",
    "colo_region": "EEUR",
    "colo_code": "WAW",
    "isp_id": "",
    "tier": "1",
    "edge": "1"
  },
  {
    "colo_id": 74,
    "colo_name": "sof01",
    "colo_alias": "Sofia, BG",
    "colo_city": "sofia",
    "colo_state": "",
    "colo_note": "",
    "colo_status": "V",
    "colo_region": "EEUR",
    "colo_code": "SOF",
    "isp_id": "",
    "tier": "2",
    "edge": "1"
  },
  {
    "colo_id": 75,
    "colo_name": "ham01",
    "colo_alias": "Hamburg, DE",
    "colo_city": "hamburg",
    "colo_state": "",
    "colo_note": "",
    "colo_status": "V",
    "colo_region": "EEUR",
    "colo_code": "HAM",
    "isp_id": "",
    "tier": "2",
    "edge": "1"
  },
  {
    "colo_id": 76,
    "colo_name": "edi01",
    "colo_alias": "Edinburgh, GB",
    "colo_city": "edinburgh",
    "colo_state": "",
    "colo_note": "",
    "colo_status": "V",
    "colo_region": "WEUR",
    "colo_code": "EDI",
    "isp_id": "",
    "tier": "3",
    "edge": "1"
  },
  {
    "colo_id": 77,
    "colo_name": "mnl02",
    "colo_alias": "Pasig City, PH",
    "colo_city": "pasig city",
    "colo_state": "",
    "colo_note": "",
    "colo_status": "V",
    "colo_region": "APAC",
    "colo_code": "MNL",
    "isp_id": "",
    "tier": "3",
    "edge": "1"
  },
  {
    "colo_id": 78,
    "colo_name": "bru01",
    "colo_alias": "Brussels, BE",
    "colo_city": "brussels",
    "colo_state": "",
    "colo_note": "",
    "colo_status": "V",
    "colo_region": "WEUR",
    "colo_code": "BRU",
    "isp_id": "",
    "tier": "2",
    "edge": "1"
  },
  {
    "colo_id": 79,
    "colo_name": "hel01",
    "colo_alias": "Helsinki, FI",
    "colo_city": "helsinki",
    "colo_state": "",
    "colo_note": "",
    "colo_status": "V",
    "colo_region": "EEUR",
    "colo_code": "HEL",
    "isp_id": "",
    "tier": "2",
    "edge": "1"
  },
  {
    "colo_id": 80,
    "colo_name": "tpe01",
    "colo_alias": "Taipei, TW",
    "colo_city": "taipei",
    "colo_state": "",
    "colo_note": "",
    "colo_status": "V",
    "colo_region": "APAC",
    "colo_code": "TPE",
    "isp_id": "",
    "tier": "1",
    "edge": "1"
  },
  {
    "colo_id": 81,
    "colo_name": "las01",
    "colo_alias": "Las Vegas, NV",
    "colo_city": "las vegas",
    "colo_state": "nevada",
    "colo_note": "",
    "colo_status": "V",
    "colo_region": "WNAM",
    "colo_code": "LAS",
    "isp_id": "",
    "tier": "3",
    "edge": "1"
  },
  {
    "colo_id": 82,
    "colo_name": "kbp01",
    "colo_alias": "Kiev, UA",
    "colo_city": "kiev",
    "colo_state": "",
    "colo_note": "",
    "colo_status": "D",
    "colo_region": "EEUR",
    "colo_code": "KBP",
    "isp_id": "",
    "tier": "3",
    "edge": "1"
  },
  {
    "colo_id": 83,
    "colo_name": "osl01",
    "colo_alias": "Oslo, NO",
    "colo_city": "oslo",
    "colo_state": "",
    "colo_note": "",
    "colo_status": "V",
    "colo_region": "EEUR",
    "colo_code": "OSL",
    "isp_id": "",
    "tier": "2",
    "edge": "1"
  },
  {
    "colo_id": 84,
    "colo_name": "per01",
    "colo_alias": "Perth, AU",
    "colo_city": "perth",
    "colo_state": "",
    "colo_note": "",
    "colo_status": "V",
    "colo_region": "OC",
    "colo_code": "PER",
    "isp_id": "",
    "tier": "2",
    "edge": "1"
  },
  {
    "colo_id": 85,
    "colo_name": "bne01",
    "colo_alias": "Brisbane, AU",
    "colo_city": "brisbane",
    "colo_state": "",
    "colo_note": "",
    "colo_status": "V",
    "colo_region": "OC",
    "colo_code": "BNE",
    "isp_id": "",
    "tier": "2",
    "edge": "1"
  },
  {
    "colo_id": 86,
    "colo_name": "bkk01",
    "colo_alias": "Bangkok, TH",
    "colo_city": "bangkok",
    "colo_state": "",
    "colo_note": "Jastel Partner PoP",
    "colo_status": "V",
    "colo_region": "APAC",
    "colo_code": "BKK",
    "isp_id": "",
    "tier": "3",
    "edge": "1"
  },
  {
    "colo_id": 87,
    "colo_name": "dme01",
    "colo_alias": "Moscow, RU",
    "colo_city": "moscow",
    "colo_state": "",
    "colo_note": "",
    "colo_status": "V",
    "colo_region": "EEUR",
    "colo_code": "DME",
    "isp_id": "",
    "tier": "0",
    "edge": "1"
  },
  {
    "colo_id": 88,
    "colo_name": "ath01",
    "colo_alias": "Athens, GR",
    "colo_city": "athens",
    "colo_state": "",
    "colo_note": "",
    "colo_status": "V",
    "colo_region": "EEUR",
    "colo_code": "ATH",
    "isp_id": "",
    "tier": "3",
    "edge": "1"
  },
  {
    "colo_id": 89,
    "colo_name": "bcn01",
    "colo_alias": "Barcelona, ES",
    "colo_city": "barcelona",
    "colo_state": "",
    "colo_note": "",
    "colo_status": "V",
    "colo_region": "WEUR",
    "colo_code": "BCN",
    "isp_id": "",
    "tier": "2",
    "edge": "1"
  },
  {
    "colo_id": 90,
    "colo_name": "pty01",
    "colo_alias": "Panama City, PA",
    "colo_city": "panama city",
    "colo_state": "",
    "colo_note": "",
    "colo_status": "V",
    "colo_region": "SAM",
    "colo_code": "PTY",
    "isp_id": "",
    "tier": "3",
    "edge": "1"
  },
  {
    "colo_id": 92,
    "colo_name": "bom02",
    "colo_alias": "Mumbai, IN",
    "colo_city": "mumbai",
    "colo_state": "",
    "colo_note": "",
    "colo_status": "V",
    "colo_region": "APAC",
    "colo_code": "BOM",
    "isp_id": "",
    "tier": "0",
    "edge": "1"
  },
  {
    "colo_id": 93,
    "colo_name": "maa02",
    "colo_alias": "Chennai, IN",
    "colo_city": "chennai",
    "colo_state": "",
    "colo_note": "",
    "colo_status": "V",
    "colo_region": "APAC",
    "colo_code": "MAA",
    "isp_id": "",
    "tier": "0",
    "edge": "1"
  },
  {
    "colo_id": 94,
    "colo_name": "stl01",
    "colo_alias": "St. Louis, MO",
    "colo_city": "st. louis",
    "colo_state": "missouri",
    "colo_note": "",
    "colo_status": "V",
    "colo_region": "WNAM",
    "colo_code": "STL",
    "isp_id": "",
    "tier": "2",
    "edge": "1"
  },
  {
    "colo_id": 95,
    "colo_name": "uio01",
    "colo_alias": "Quito, EC",
    "colo_city": "quito",
    "colo_state": "",
    "colo_note": "",
    "colo_status": "V",
    "colo_region": "SAM",
    "colo_code": "UIO",
    "isp_id": "",
    "tier": "3",
    "edge": "1"
  },
  {
    "colo_id": 96,
    "colo_name": "lad01",
    "colo_alias": "Luanda, AO",
    "colo_city": "luanda",
    "colo_state": "",
    "colo_note": "",
    "colo_status": "V",
    "colo_region": "AFR",
    "colo_code": "LAD",
    "isp_id": "",
    "tier": "3",
    "edge": "1"
  },
  {
    "colo_id": 97,
    "colo_name": "gru02",
    "colo_alias": "São Paulo, BR",
    "colo_city": "são paulo",
    "colo_state": "",
    "colo_note": "",
    "colo_status": "V",
    "colo_region": "SAM",
    "colo_code": "GRU",
    "isp_id": "",
    "tier": "1",
    "edge": "1"
  },
  {
    "colo_id": 98,
    "colo_name": "den01",
    "colo_alias": "Denver, CO",
    "colo_city": "denver",
    "colo_state": "colorado",
    "colo_note": "",
    "colo_status": "V",
    "colo_region": "WNAM",
    "colo_code": "DEN",
    "isp_id": "",
    "tier": "2",
    "edge": "1"
  },
  {
    "colo_id": 99,
    "colo_name": "lux01",
    "colo_alias": "Luxembourg City, LU",
    "colo_city": "luxembourg city",
    "colo_state": "",
    "colo_note": "",
    "colo_status": "I",
    "colo_region": "WEUR",
    "colo_code": "LUX",
    "isp_id": "",
    "tier": "0",
    "edge": ""
  },
  {
    "colo_id": 100,
    "colo_name": "muc01",
    "colo_alias": "Munich, DE",
    "colo_city": "munich",
    "colo_state": "",
    "colo_note": "",
    "colo_status": "V",
    "colo_region": "WEUR",
    "colo_code": "MUC",
    "isp_id": "",
    "tier": "2",
    "edge": "1"
  },
  {
    "colo_id": 101,
    "colo_name": "gig01",
    "colo_alias": "Rio De Janeiro, BR",
    "colo_city": "rio de janeiro",
    "colo_state": "",
    "colo_note": "",
    "colo_status": "V",
    "colo_region": "SAM",
    "colo_code": "GIG",
    "isp_id": "",
    "tier": "2",
    "edge": "1"
  },
  {
    "colo_id": 102,
    "colo_name": "phl01",
    "colo_alias": "Philadelphia, PA",
    "colo_city": "philadelphia",
    "colo_state": "pennsylvania",
    "colo_note": "",
    "colo_status": "P",
    "colo_region": "ENAM",
    "colo_code": "PHL",
    "isp_id": "",
    "tier": "2",
    "edge": "1"
  },
  {
    "colo_id": 103,
    "colo_name": "tpa01",
    "colo_alias": "Tampa, FL",
    "colo_city": "tampa",
    "colo_state": "florida",
    "colo_note": "",
    "colo_status": "V",
    "colo_region": "ENAM",
    "colo_code": "TPA",
    "isp_id": "",
    "tier": "2",
    "edge": "1"
  },
  {
    "colo_id": 104,
    "colo_name": "bkk02",
    "colo_alias": "Bangkok, TH",
    "colo_city": "bangkok",
    "colo_state": "",
    "colo_note": "TOT partner PoP",
    "colo_status": "V",
    "colo_region": "APAC",
    "colo_code": "BKK",
    "isp_id": "",
    "tier": "3",
    "edge": "1"
  },
  {
    "colo_id": 105,
    "colo_name": "cur01",
    "colo_alias": "Willemstad, CW",
    "colo_city": "willemstad",
    "colo_state": "",
    "colo_note": "",
    "colo_status": "V",
    "colo_region": "SAM",
    "colo_code": "CUR",
    "isp_id": "",
    "tier": "3",
    "edge": "1"
  },
  {
    "colo_id": 106,
    "colo_name": "bos01",
    "colo_alias": "Boston, MA",
    "colo_city": "boston",
    "colo_state": "massachusetts",
    "colo_note": "",
    "colo_status": "V",
    "colo_region": "ENAM",
    "colo_code": "BOS",
    "isp_id": "",
    "tier": "2",
    "edge": "1"
  },
  {
    "colo_id": 107,
    "colo_name": "lis01",
    "colo_alias": "Lisbon, PT",
    "colo_city": "lisbon",
    "colo_state": "",
    "colo_note": "",
    "colo_status": "V",
    "colo_region": "WEUR",
    "colo_code": "LIS",
    "isp_id": "",
    "tier": "2",
    "edge": "1"
  },
  {
    "colo_id": 108,
    "colo_name": "sfo05",
    "colo_alias": "San Francisco, CA",
    "colo_city": "san francisco",
    "colo_state": "california",
    "colo_note": "",
    "colo_status": "I",
    "colo_region": "WNAM",
    "colo_code": "SFO",
    "isp_id": "",
    "tier": "0",
    "edge": ""
  },
  {
    "colo_id": 109,
    "colo_name": "san01",
    "colo_alias": "San Diego, CA",
    "colo_city": "san diego",
    "colo_state": "california",
    "colo_note": "",
    "colo_status": "V",
    "colo_region": "WNAM",
    "colo_code": "SAN",
    "isp_id": "",
    "tier": "2",
    "edge": "1"
  },
  {
    "colo_id": 110,
    "colo_name": "scl02",
    "colo_alias": "Santiago, CL",
    "colo_city": "santiago",
    "colo_state": "",
    "colo_note": "",
    "colo_status": "V",
    "colo_region": "SAM",
    "colo_code": "SCL",
    "isp_id": "",
    "tier": "3",
    "edge": "1"
  },
  {
    "colo_id": 111,
    "colo_name": "cmb01",
    "colo_alias": "Colombo, LK",
    "colo_city": "colombo",
    "colo_state": "",
    "colo_note": "",
    "colo_status": "V",
    "colo_region": "APAC",
    "colo_code": "CMB",
    "isp_id": "",
    "tier": "3",
    "edge": "1"
  },
  {
    "colo_id": 113,
    "colo_name": "cpt01",
    "colo_alias": "Cape Town, ZA",
    "colo_city": "cape town",
    "colo_state": "",
    "colo_note": "",
    "colo_status": "V",
    "colo_region": "AFR",
    "colo_code": "CPT",
    "isp_id": "",
    "tier": "3",
    "edge": "1"
  },
  {
    "colo_id": 114,
    "colo_name": "vie02",
    "colo_alias": "Vienna, AT",
    "colo_city": "vienna",
    "colo_state": "",
    "colo_note": "",
    "colo_status": "V",
    "colo_region": "EEUR",
    "colo_code": "VIE",
    "isp_id": "",
    "tier": "2",
    "edge": "1"
  },
  {
    "colo_id": 115,
    "colo_name": "bna01",
    "colo_alias": "Nashville, TN",
    "colo_city": "nashville",
    "colo_state": "tennessee",
    "colo_note": "",
    "colo_status": "V",
    "colo_region": "ENAM",
    "colo_code": "BNA",
    "isp_id": "",
    "tier": "2",
    "edge": "1"
  },
  {
    "colo_id": 116,
    "colo_name": "dtw01",
    "colo_alias": "Detroit, MI",
    "colo_city": "detroit",
    "colo_state": "michigan",
    "colo_note": "",
    "colo_status": "V",
    "colo_region": "ENAM",
    "colo_code": "DTW",
    "isp_id": "",
    "tier": "2",
    "edge": "1"
  },
  {
    "colo_id": 117,
    "colo_name": "evn01",
    "colo_alias": "Yerevan, AM",
    "colo_city": "yerevan",
    "colo_state": "",
    "colo_note": "NULL",
    "colo_status": "V",
    "colo_region": "ME",
    "colo_code": "EVN",
    "isp_id": "",
    "tier": "3",
    "edge": "1"
  },
  {
    "colo_id": 118,
    "colo_name": "ist01",
    "colo_alias": "Istanbul, TR",
    "colo_city": "istanbul",
    "colo_state": "",
    "colo_note": "",
    "colo_status": "V",
    "colo_region": "EEUR",
    "colo_code": "IST",
    "isp_id": "",
    "tier": "3",
    "edge": "1"
  },
  {
    "colo_id": 119,
    "colo_name": "pdx02",
    "colo_alias": "Hillsboro, OR",
    "colo_city": "hillsboro",
    "colo_state": "oregon",
    "colo_note": "",
    "colo_status": "V",
    "colo_region": "WNAM",
    "colo_code": "PDX",
    "isp_id": "",
    "tier": "3",
    "edge": "1"
  },
  {
    "colo_id": 120,
    "colo_name": "beg01",
    "colo_alias": "Belgrade, RS",
    "colo_city": "belgrade",
    "colo_state": "",
    "colo_note": "",
    "colo_status": "V",
    "colo_region": "EEUR",
    "colo_code": "BEG",
    "isp_id": "",
    "tier": "3",
    "edge": "1"
  },
  {
    "colo_id": 121,
    "colo_name": "oma01",
    "colo_alias": "Omaha, NE",
    "colo_city": "omaha",
    "colo_state": "nebraska",
    "colo_note": "",
    "colo_status": "V",
    "colo_region": "ENAM",
    "colo_code": "OMA",
    "isp_id": "",
    "tier": "2",
    "edge": "1"
  },
  {
    "colo_id": 122,
    "colo_name": "jib01",
    "colo_alias": "Djibouti, DJ",
    "colo_city": "djibouti",
    "colo_state": "",
    "colo_note": "",
    "colo_status": "V",
    "colo_region": "AFR",
    "colo_code": "JIB",
    "isp_id": "",
    "tier": "3",
    "edge": "1"
  },
  {
    "colo_id": 123,
    "colo_name": "bud01",
    "colo_alias": "Budapest, HU",
    "colo_city": "budapest",
    "colo_state": "",
    "colo_note": "",
    "colo_status": "V",
    "colo_region": "EEUR",
    "colo_code": "BUD",
    "isp_id": "",
    "tier": "2",
    "edge": "1"
  },
  {
    "colo_id": 124,
    "colo_name": "zag01",
    "colo_alias": "Zagreb, HR",
    "colo_city": "zagreb",
    "colo_state": "",
    "colo_note": "",
    "colo_status": "V",
    "colo_region": "EEUR",
    "colo_code": "ZAG",
    "isp_id": "",
    "tier": "2",
    "edge": "1"
  },
  {
    "colo_id": 125,
    "colo_name": "mci01",
    "colo_alias": "Kansas City, MO",
    "colo_city": "kansas city",
    "colo_state": "missouri",
    "colo_note": "",
    "colo_status": "V",
    "colo_region": "ENAM",
    "colo_code": "MCI",
    "isp_id": "",
    "tier": "2",
    "edge": "1"
  },
  {
    "colo_id": 126,
    "colo_name": "fco01",
    "colo_alias": "Rome, IT",
    "colo_city": "rome",
    "colo_state": "",
    "colo_note": "",
    "colo_status": "V",
    "colo_region": "EEUR",
    "colo_code": "FCO",
    "isp_id": "",
    "tier": "2",
    "edge": "1"
  },
  {
    "colo_id": 127,
    "colo_name": "bkk03",
    "colo_alias": "Bangkok, TH",
    "colo_city": "bangkok",
    "colo_state": "",
    "colo_note": "",
    "colo_status": "V",
    "colo_region": "APAC",
    "colo_code": "BKK",
    "isp_id": "",
    "tier": "3",
    "edge": "1"
  },
  {
    "colo_id": 128,
    "colo_name": "arn02",
    "colo_alias": "Stockholm, SE",
    "colo_city": "stockholm",
    "colo_state": "",
    "colo_note": "",
    "colo_status": "V",
    "colo_region": "EEUR",
    "colo_code": "ARN",
    "isp_id": "",
    "tier": "1",
    "edge": "1"
  },
  {
    "colo_id": 129,
    "colo_name": "bkk04",
    "colo_alias": "Bangkok, TH",
    "colo_city": "bangkok",
    "colo_state": "",
    "colo_note": "",
    "colo_status": "V",
    "colo_region": "APAC",
    "colo_code": "BKK",
    "isp_id": "",
    "tier": "3",
    "edge": "1"
  },
  {
    "colo_id": 130,
    "colo_name": "ruh01",
    "colo_alias": "Riyadh, SA",
    "colo_city": "riyadh",
    "colo_state": "",
    "colo_note": "",
    "colo_status": "V",
    "colo_region": "ME",
    "colo_code": "RUH",
    "isp_id": "",
    "tier": "3",
    "edge": "1"
  },
  {
    "colo_id": 131,
    "colo_name": "sfo06",
    "colo_alias": "San Francisco, CA",
    "colo_city": "san francisco",
    "colo_state": "california",
    "colo_note": "",
    "colo_status": "V",
    "colo_region": "WNAM",
    "colo_code": "SFO-DOG",
    "isp_id": "",
    "tier": "0",
    "edge": "1"
  },
  {
    "colo_id": 132,
    "colo_name": "kbp02",
    "colo_alias": "Kiev, UA",
    "colo_city": "kiev",
    "colo_state": "",
    "colo_note": "",
    "colo_status": "V",
    "colo_region": "EEUR",
    "colo_code": "KBP",
    "isp_id": "",
    "tier": "2",
    "edge": "1"
  },
  {
    "colo_id": 133,
    "colo_name": "sfo07",
    "colo_alias": "San Francisco, CA",
    "colo_city": "san francisco",
    "colo_state": "california",
    "colo_note": "",
    "colo_status": "I",
    "colo_region": "WNAM",
    "colo_code": "SFO-TEST",
    "isp_id": "",
    "tier": "",
    "edge": "1"
  },
  {
    "colo_id": 134,
    "colo_name": "hkg02",
    "colo_alias": "Hong Kong, HK",
    "colo_city": "hong kong",
    "colo_state": "",
    "colo_note": "",
    "colo_status": "V",
    "colo_region": "APAC",
    "colo_code": "HKG",
    "isp_id": "",
    "tier": "3",
    "edge": "1"
  },
  {
    "colo_id": 135,
    "colo_name": "mfe01",
    "colo_alias": "Mcallen, TX",
    "colo_city": "mcallen",
    "colo_state": "texas",
    "colo_note": "",
    "colo_status": "V",
    "colo_region": "ENAM",
    "colo_code": "MFE",
    "isp_id": "",
    "tier": "2",
    "edge": "1"
  },
  {
    "colo_id": 136,
    "colo_name": "dur01",
    "colo_alias": "Durban, ZA",
    "colo_city": "durban",
    "colo_state": "",
    "colo_note": "",
    "colo_status": "V",
    "colo_region": "AFR",
    "colo_code": "DUR",
    "isp_id": "",
    "tier": "3",
    "edge": "1"
  },
  {
    "colo_id": 137,
    "colo_name": "pit01",
    "colo_alias": "Pittsburgh, PA",
    "colo_city": "pittsburgh",
    "colo_state": "pennsylvania",
    "colo_note": "",
    "colo_status": "V",
    "colo_region": "ENAM",
    "colo_code": "PIT",
    "isp_id": "",
    "tier": "2",
    "edge": "1"
  },
  {
    "colo_id": 138,
    "colo_name": "smf01",
    "colo_alias": "Sacramento, CA",
    "colo_city": "sacramento",
    "colo_state": "california",
    "colo_note": "",
    "colo_status": "V",
    "colo_region": "WNAM",
    "colo_code": "SMF",
    "isp_id": "",
    "tier": "2",
    "edge": "1"
  },
  {
    "colo_id": 139,
    "colo_name": "mru01",
    "colo_alias": "Port Louis, MU",
    "colo_city": "port louis",
    "colo_state": "",
    "colo_note": "",
    "colo_status": "V",
    "colo_region": "AFR",
    "colo_code": "MRU",
    "isp_id": "",
    "tier": "3",
    "edge": "1"
  },
  {
    "colo_id": 140,
    "colo_name": "mfm01",
    "colo_alias": "Macau, MO",
    "colo_city": "macau",
    "colo_state": "",
    "colo_note": "",
    "colo_status": "V",
    "colo_region": "APAC",
    "colo_code": "MFM",
    "isp_id": "",
    "tier": "3",
    "edge": "1"
  },
  {
    "colo_id": 141,
    "colo_name": "ceb01",
    "colo_alias": "Cebu, PH",
    "colo_city": "cebu",
    "colo_state": "",
    "colo_note": "",
    "colo_status": "V",
    "colo_region": "APAC",
    "colo_code": "CEB",
    "isp_id": "",
    "tier": "3",
    "edge": "1"
  },
  {
    "colo_id": 142,
    "colo_name": "ktm01",
    "colo_alias": "Kathmandu, NP",
    "colo_city": "kathmandu",
    "colo_state": "",
    "colo_note": "",
    "colo_status": "V",
    "colo_region": "APAC",
    "colo_code": "KTM",
    "isp_id": "",
    "tier": "3",
    "edge": "1"
  },
  {
    "colo_id": 143,
    "colo_name": "slc01",
    "colo_alias": "Salt Lake City, UT",
    "colo_city": "salt lake city",
    "colo_state": "utah",
    "colo_note": "",
    "colo_status": "V",
    "colo_region": "WNAM",
    "colo_code": "SLC",
    "isp_id": "",
    "tier": "2",
    "edge": "1"
  },
  {
    "colo_id": 144,
    "colo_name": "pnh01",
    "colo_alias": "Phnom Penh, KH",
    "colo_city": "phnom penh",
    "colo_state": "",
    "colo_note": "",
    "colo_status": "V",
    "colo_region": "APAC",
    "colo_code": "PNH",
    "isp_id": "",
    "tier": "3",
    "edge": "1"
  },
  {
    "colo_id": 145,
    "colo_name": "kef01",
    "colo_alias": "Reykjavík, IS",
    "colo_city": "reykjavík",
    "colo_state": "",
    "colo_note": "",
    "colo_status": "V",
    "colo_region": "WEUR",
    "colo_code": "KEF",
    "isp_id": "",
    "tier": "3",
    "edge": "1"
  },
  {
    "colo_id": 146,
    "colo_name": "bgw01",
    "colo_alias": "Baghdad, IQ",
    "colo_city": "baghdad",
    "colo_state": "",
    "colo_note": "",
    "colo_status": "V",
    "colo_region": "ME",
    "colo_code": "BGW",
    "isp_id": "",
    "tier": "3",
    "edge": "1"
  },
  {
    "colo_id": 148,
    "colo_name": "vno01",
    "colo_alias": "Vilnius, LT",
    "colo_city": "vilnius",
    "colo_state": "",
    "colo_note": "",
    "colo_status": "V",
    "colo_region": "EEUR",
    "colo_code": "VNO",
    "isp_id": "",
    "tier": "3",
    "edge": "1"
  },
  {
    "colo_id": 149,
    "colo_name": "tlv01",
    "colo_alias": "Tel Aviv, IL",
    "colo_city": "tel aviv",
    "colo_state": "",
    "colo_note": "",
    "colo_status": "V",
    "colo_region": "ME",
    "colo_code": "TLV",
    "isp_id": "",
    "tier": "3",
    "edge": "1"
  },
  {
    "colo_id": 150,
    "colo_name": "bey01",
    "colo_alias": "Beirut, LB",
    "colo_city": "beirut",
    "colo_state": "",
    "colo_note": "",
    "colo_status": "V",
    "colo_region": "ME",
    "colo_code": "BEY",
    "isp_id": "",
    "tier": "3",
    "edge": "1"
  },
  {
    "colo_id": 151,
    "colo_name": "rix01",
    "colo_alias": "Riga, LV",
    "colo_city": "riga",
    "colo_state": "",
    "colo_note": "",
    "colo_status": "V",
    "colo_region": "EEUR",
    "colo_code": "RIX",
    "isp_id": "",
    "tier": "2",
    "edge": "1"
  },
  {
    "colo_id": 152,
    "colo_name": "tll01",
    "colo_alias": "Tallinn, EE",
    "colo_city": "tallinn",
    "colo_state": "",
    "colo_note": "",
    "colo_status": "V",
    "colo_region": "EEUR",
    "colo_code": "TLL",
    "isp_id": "",
    "tier": "2",
    "edge": "1"
  },
  {
    "colo_id": 153,
    "colo_name": "yyc01",
    "colo_alias": "Calgary, AB",
    "colo_city": "calgary",
    "colo_state": "alberta",
    "colo_note": "",
    "colo_status": "V",
    "colo_region": "WNAM",
    "colo_code": "YYC",
    "isp_id": "",
    "tier": "3",
    "edge": "1"
  },
  {
    "colo_id": 154,
    "colo_name": "ind01",
    "colo_alias": "Indianapolis, IN",
    "colo_city": "indianapolis",
    "colo_state": "indiana",
    "colo_note": "",
    "colo_status": "V",
    "colo_region": "ENAM",
    "colo_code": "IND",
    "isp_id": "",
    "tier": "3",
    "edge": "1"
  },
  {
    "colo_id": 155,
    "colo_name": "jax01",
    "colo_alias": "Jacksonville, FL",
    "colo_city": "jacksonville",
    "colo_state": "florida",
    "colo_note": "",
    "colo_status": "V",
    "colo_region": "ENAM",
    "colo_code": "JAX",
    "isp_id": "",
    "tier": "2",
    "edge": "1"
  },
  {
    "colo_id": 156,
    "colo_name": "mem01",
    "colo_alias": "Memphis, TN",
    "colo_city": "memphis",
    "colo_state": "tennessee",
    "colo_note": "",
    "colo_status": "V",
    "colo_region": "ENAM",
    "colo_code": "MEM",
    "isp_id": "",
    "tier": "3",
    "edge": "1"
  },
  {
    "colo_id": 157,
    "colo_name": "mgm01",
    "colo_alias": "Montgomery, AL",
    "colo_city": "montgomery",
    "colo_state": "alabama",
    "colo_note": "",
    "colo_status": "V",
    "colo_region": "ENAM",
    "colo_code": "MGM",
    "isp_id": "",
    "tier": "3",
    "edge": "1"
  },
  {
    "colo_id": 159,
    "colo_name": "mex01",
    "colo_alias": "Mexico City, MX",
    "colo_city": "mexico city",
    "colo_state": "",
    "colo_note": "",
    "colo_status": "V",
    "colo_region": "WNAM",
    "colo_code": "MEX",
    "isp_id": "",
    "tier": "3",
    "edge": "1"
  },
  {
    "colo_id": 160,
    "colo_name": "tlh01",
    "colo_alias": "Tallahassee, FL",
    "colo_city": "tallahassee",
    "colo_state": "florida",
    "colo_note": "",
    "colo_status": "V",
    "colo_region": "ENAM",
    "colo_code": "TLH",
    "isp_id": "",
    "tier": "2",
    "edge": "1"
  },
  {
    "colo_id": 161,
    "colo_name": "bog01",
    "colo_alias": "Bogotá, CO",
    "colo_city": "bogotá",
    "colo_state": "",
    "colo_note": "",
    "colo_status": "V",
    "colo_region": "SAM",
    "colo_code": "BOG",
    "isp_id": "",
    "tier": "3",
    "edge": "1"
  },
  {
    "colo_id": 162,
    "colo_name": "iah01",
    "colo_alias": "Houston, TX",
    "colo_city": "houston",
    "colo_state": "texas",
    "colo_note": "",
    "colo_status": "V",
    "colo_region": "ENAM",
    "colo_code": "IAH",
    "isp_id": "",
    "tier": "2",
    "edge": "1"
  },
  {
    "colo_id": 163,
    "colo_name": "orf01",
    "colo_alias": "Norfolk, VA",
    "colo_city": "norfolk",
    "colo_state": "virginia",
    "colo_note": "",
    "colo_status": "I",
    "colo_region": "ENAM",
    "colo_code": "ORF",
    "isp_id": "",
    "tier": "",
    "edge": "1"
  },
  {
    "colo_id": 164,
    "colo_name": "sfo08",
    "colo_alias": "San Francisco, CA",
    "colo_city": "san francisco",
    "colo_state": "california",
    "colo_note": "",
    "colo_status": "I",
    "colo_region": "WNAM",
    "colo_code": "SFO",
    "isp_id": "",
    "tier": "",
    "edge": "1"
  },
  {
    "colo_id": 166,
    "colo_name": "kiv01",
    "colo_alias": "Chișinău, MD",
    "colo_city": "chișinău",
    "colo_state": "",
    "colo_note": "",
    "colo_status": "V",
    "colo_region": "EEUR",
    "colo_code": "KIV",
    "isp_id": "",
    "tier": "3",
    "edge": "1"
  },
  {
    "colo_id": 167,
    "colo_name": "yxe01",
    "colo_alias": "Saskatoon, SK",
    "colo_city": "saskatoon",
    "colo_state": "saskatchewan",
    "colo_note": "",
    "colo_status": "V",
    "colo_region": "WNAM",
    "colo_code": "YXE",
    "isp_id": "",
    "tier": "3",
    "edge": "1"
  },
  {
    "colo_id": 168,
    "colo_name": "ywg01",
    "colo_alias": "Winnipeg, MB",
    "colo_city": "winnipeg",
    "colo_state": "manitoba",
    "colo_note": "",
    "colo_status": "V",
    "colo_region": "ENAM",
    "colo_code": "YWG",
    "isp_id": "",
    "tier": "3",
    "edge": "1"
  },
  {
    "colo_id": 169,
    "colo_name": "lux02",
    "colo_alias": "Luxembourg City, LU",
    "colo_city": "luxembourg city",
    "colo_state": "",
    "colo_note": "",
    "colo_status": "V",
    "colo_region": "WEUR",
    "colo_code": "LUX",
    "isp_id": "",
    "tier": "2",
    "edge": "1"
  },
  {
    "colo_id": 171,
    "colo_name": "sfo09",
    "colo_alias": "San Francisco, CA",
    "colo_city": "san francisco",
    "colo_state": "california",
    "colo_note": "",
    "colo_status": "V",
    "colo_region": "WNAM",
    "colo_code": "SFO",
    "isp_id": "",
    "tier": "0",
    "edge": "1"
  },
  {
    "colo_id": 172,
    "colo_name": "ric01",
    "colo_alias": "Richmond, VA",
    "colo_city": "richmond",
    "colo_state": "virginia",
    "colo_note": "",
    "colo_status": "V",
    "colo_region": "ENAM",
    "colo_code": "RIC",
    "isp_id": "",
    "tier": "2",
    "edge": "1"
  },
  {
    "colo_id": 504,
    "colo_name": "pig02",
    "colo_alias": "San Jose, CA",
    "colo_city": "san jose",
    "colo_state": "california",
    "colo_note": "",
    "colo_status": "V",
    "colo_region": "WNAM",
    "colo_code": "SJC-PIG",
    "isp_id": "",
    "tier": "",
    "edge": "1"
  },
  {
    "colo_id": 569,
    "colo_name": "pig01",
    "colo_alias": "Vancouver, BC",
    "colo_city": "vancouver",
    "colo_state": "british columbia",
    "colo_note": "",
    "colo_status": "R",
    "colo_region": "WNAM",
    "colo_code": "YVR-PIG",
    "isp_id": "",
    "tier": "",
    "edge": "1"
  },
  {
    "colo_id": 800,
    "colo_name": "tao01",
    "colo_alias": "Tsingtao, CN",
    "colo_city": "tsingtao",
    "colo_state": "",
    "colo_note": "Baidus QingDao DC - China Unicom",
    "colo_status": "D",
    "colo_region": "CHINA",
    "colo_code": "TAO",
    "isp_id": "4",
    "tier": "4",
    "edge": "1"
  },
  {
    "colo_id": 801,
    "colo_name": "foc01",
    "colo_alias": "Fuzhou, CN",
    "colo_city": "fuzhou",
    "colo_state": "",
    "colo_note": "Baidus Fuzhou DC - China Telecom",
    "colo_status": "D",
    "colo_region": "CHINA",
    "colo_code": "FOC",
    "isp_id": "2",
    "tier": "4",
    "edge": "1"
  },
  {
    "colo_id": 802,
    "colo_name": "hny01",
    "colo_alias": "Hengyang, CN",
    "colo_city": "hengyang",
    "colo_state": "",
    "colo_note": "Baidus Hengyang DC",
    "colo_status": "V",
    "colo_region": "CHINA",
    "colo_code": "HNY",
    "isp_id": "2",
    "tier": "4",
    "edge": "1"
  },
  {
    "colo_id": 803,
    "colo_name": "szx01",
    "colo_alias": "Dongguan, CN",
    "colo_city": "dongguan",
    "colo_state": "",
    "colo_note": "Baidus Dongguan DC",
    "colo_status": "D",
    "colo_region": "CHINA",
    "colo_code": "SZX",
    "isp_id": "2",
    "tier": "4",
    "edge": "1"
  },
  {
    "colo_id": 804,
    "colo_name": "she01",
    "colo_alias": "Shenyang, CN",
    "colo_city": "shenyang",
    "colo_state": "",
    "colo_note": "Baidus Shenyang DC",
    "colo_status": "V",
    "colo_region": "CHINA",
    "colo_code": "SHE",
    "isp_id": "4",
    "tier": "4",
    "edge": "1"
  },
  {
    "colo_id": 805,
    "colo_name": "lya01",
    "colo_alias": "Luoyang, CN",
    "colo_city": "luoyang",
    "colo_state": "",
    "colo_note": "Baidus Luoyang DC",
    "colo_status": "D",
    "colo_region": "CHINA",
    "colo_code": "LYA",
    "isp_id": "4",
    "tier": "4",
    "edge": "1"
  },
  {
    "colo_id": 806,
    "colo_name": "hgh01",
    "colo_alias": "Hangzhou, CN",
    "colo_city": "hangzhou",
    "colo_state": "",
    "colo_note": "Baidus Hangzhou DC - China Unicom",
    "colo_status": "V",
    "colo_region": "CHINA",
    "colo_code": "HGH",
    "isp_id": "4",
    "tier": "4",
    "edge": "1"
  },
  {
    "colo_id": 807,
    "colo_name": "jxg01",
    "colo_alias": "Jiaxing, CN",
    "colo_city": "jiaxing",
    "colo_state": "",
    "colo_note": "Baidus Jiaxing DC - China Telecom",
    "colo_status": "D",
    "colo_region": "CHINA",
    "colo_code": "JXG",
    "isp_id": "2",
    "tier": "",
    "edge": "1"
  },
  {
    "colo_id": 808,
    "colo_name": "tsn01",
    "colo_alias": "Tianjin, CN",
    "colo_city": "tianjin",
    "colo_state": "",
    "colo_note": "Baidus Tianjin DC - China Telecom",
    "colo_status": "V",
    "colo_region": "CHINA",
    "colo_code": "TSN",
    "isp_id": "2",
    "tier": "4",
    "edge": "1"
  },
  {
    "colo_id": 809,
    "colo_name": "can01",
    "colo_alias": "Guangzhou, CN",
    "colo_city": "guangzhou",
    "colo_state": "",
    "colo_note": "Baidus Guangzhou DC - China Mobile",
    "colo_status": "V",
    "colo_region": "CHINA",
    "colo_code": "CAN",
    "isp_id": "6",
    "tier": "4",
    "edge": "1"
  },
  {
    "colo_id": 810,
    "colo_name": "ctu01",
    "colo_alias": "Chengdu, CN",
    "colo_city": "chengdu",
    "colo_state": "",
    "colo_note": "Baidus Chengdu DC - China Telecom",
    "colo_status": "D",
    "colo_region": "CHINA",
    "colo_code": "CTU",
    "isp_id": "2",
    "tier": "4",
    "edge": "1"
  },
  {
    "colo_id": 811,
    "colo_name": "nay01",
    "colo_alias": "Langfang, CN",
    "colo_city": "langfang",
    "colo_state": "",
    "colo_note": "Baidus Langfang DC - China Unicom",
    "colo_status": "D",
    "colo_region": "CHINA",
    "colo_code": "NAY",
    "isp_id": "4",
    "tier": "",
    "edge": "1"
  },
  {
    "colo_id": 812,
    "colo_name": "xiy01",
    "colo_alias": "Xian, CN",
    "colo_city": "xian",
    "colo_state": "",
    "colo_note": "Baidus Xian DC - China Telecom",
    "colo_status": "D",
    "colo_region": "CHINA",
    "colo_code": "XIY",
    "isp_id": "2",
    "tier": "",
    "edge": "1"
  },
  {
    "colo_id": 813,
    "colo_name": "sjw01",
    "colo_alias": "Shijiazhuang, CN",
    "colo_city": "shijiazhuang",
    "colo_state": "",
    "colo_note": "Baidus Shijiazhuang DC - China Unicom",
    "colo_status": "V",
    "colo_region": "CHINA",
    "colo_code": "SJW",
    "isp_id": "4",
    "tier": "4",
    "edge": "1"
  },
  {
    "colo_id": 814,
    "colo_name": "cgo01",
    "colo_alias": "Zhengzhou, CN",
    "colo_city": "zhengzhou",
    "colo_state": "",
    "colo_note": "Baidus Zhengzhou DC - China Unicom",
    "colo_status": "V",
    "colo_region": "CHINA",
    "colo_code": "CGO",
    "isp_id": "4",
    "tier": "4",
    "edge": "1"
  },
  {
    "colo_id": 815,
    "colo_name": "nng01",
    "colo_alias": "Nanning, CN",
    "colo_city": "nanning",
    "colo_state": "",
    "colo_note": "Baidus Nanning DC - China Telecom",
    "colo_status": "V",
    "colo_region": "CHINA",
    "colo_code": "NNG",
    "isp_id": "2",
    "tier": "4",
    "edge": "1"
  },
  {
    "colo_id": 816,
    "colo_name": "fuo01",
    "colo_alias": "Foshan, CN",
    "colo_city": "foshan",
    "colo_state": "",
    "colo_note": "Baidus Foshan DC - China Telecom",
    "colo_status": "D",
    "colo_region": "CHINA",
    "colo_code": "FUO",
    "isp_id": "2",
    "tier": "4",
    "edge": "1"
  },
  {
    "colo_id": 817,
    "colo_name": "szv01",
    "colo_alias": "Suzhou, CN",
    "colo_city": "suzhou",
    "colo_state": "",
    "colo_note": "Baidus Suzhou DC - China Telecom",
    "colo_status": "V",
    "colo_region": "CHINA",
    "colo_code": "SZV",
    "isp_id": "2",
    "tier": "4",
    "edge": "1"
  },
  {
    "colo_id": 818,
    "colo_name": "tna01",
    "colo_alias": "Jinan, CN",
    "colo_city": "jinan",
    "colo_state": "",
    "colo_note": "Baidus Jinan DC - China Unicom",
    "colo_status": "V",
    "colo_region": "CHINA",
    "colo_code": "TNA",
    "isp_id": "4",
    "tier": "4",
    "edge": "1"
  },
  {
    "colo_id": 819,
    "colo_name": "wuh01",
    "colo_alias": "Wuhan, CN",
    "colo_city": "wuhan",
    "colo_state": "",
    "colo_note": "Baidus Wuhan DC - China Unicom",
    "colo_status": "V",
    "colo_region": "CHINA",
    "colo_code": "WUH",
    "isp_id": "4",
    "tier": "4",
    "edge": "1"
  },
  {
    "colo_id": 820,
    "colo_name": "wux01",
    "colo_alias": "Wuxi, CN",
    "colo_city": "wuxi",
    "colo_state": "",
    "colo_note": "Baidus Wuxi DC - China Mobile",
    "colo_status": "V",
    "colo_region": "CHINA",
    "colo_code": "WUX",
    "isp_id": "6",
    "tier": "4",
    "edge": "1"
  },
  {
    "colo_id": 821,
    "colo_name": "xiy02",
    "colo_alias": "Xian, CN",
    "colo_city": "xian",
    "colo_state": "",
    "colo_note": "Baidus Xian DC - China Telecom",
    "colo_status": "V",
    "colo_region": "CHINA",
    "colo_code": "XIY",
    "isp_id": "2",
    "tier": "4",
    "edge": "1"
  },
  {
    "colo_id": 822,
    "colo_name": "tao02",
    "colo_alias": "Tsingtao, CN",
    "colo_city": "tsingtao",
    "colo_state": "",
    "colo_note": "Baidus Qingdao DC - China Telecom",
    "colo_status": "V",
    "colo_region": "CHINA",
    "colo_code": "TAO",
    "isp_id": "2",
    "tier": "4",
    "edge": "1"
  },
  {
    "colo_id": 823,
    "colo_name": "csx01",
    "colo_alias": "Zhuzhou, CN",
    "colo_city": "zhuzhou",
    "colo_state": "",
    "colo_note": "Baidus Zhuzhou DC - China Telecom",
    "colo_status": "V",
    "colo_region": "CHINA",
    "colo_code": "CSX",
    "isp_id": "2",
    "tier": "4",
    "edge": "1"
  },
  {
    "colo_id": 824,
    "colo_name": "can02",
    "colo_alias": "Guangzhou, CN",
    "colo_city": "guangzhou",
    "colo_state": "",
    "colo_note": "Baidus Guangzhou DC - China Unicom",
    "colo_status": "V",
    "colo_region": "CHINA",
    "colo_code": "CAN",
    "isp_id": "4",
    "tier": "4",
    "edge": "1"
  },
  {
    "colo_id": 825,
    "colo_name": "sha01",
    "colo_alias": "Shanghai, CN",
    "colo_city": "shanghai",
    "colo_state": "",
    "colo_note": "Baidus Shanghai DC - China Telecom",
    "colo_status": "V",
    "colo_region": "CHINA",
    "colo_code": "SHA",
    "isp_id": "2",
    "tier": "4",
    "edge": "1"
  },
  {
    "colo_id": 826,
    "colo_name": "sha02",
    "colo_alias": "Shanghai, CN",
    "colo_city": "shanghai",
    "colo_state": "",
    "colo_note": "Baidus Shanghai Super DC - China",
    "colo_status": "D",
    "colo_region": "CHINA",
    "colo_code": "SHA",
    "isp_id": "2",
    "tier": "4",
    "edge": "1"
  },
  {
    "colo_id": 827,
    "colo_name": "nbg01",
    "colo_alias": "Ningbo, CN",
    "colo_city": "ningbo",
    "colo_state": "",
    "colo_note": "Baidus Ningbo DC - China Telecom",
    "colo_status": "V",
    "colo_region": "CHINA",
    "colo_code": "NGB",
    "isp_id": "2",
    "tier": "4",
    "edge": "1"
  },
  {
    "colo_id": 828,
    "colo_name": "sha03",
    "colo_alias": "Shanghai, CN",
    "colo_city": "shanghai",
    "colo_state": "",
    "colo_note": "Baidus Shanghai DC - China Unicom",
    "colo_status": "D",
    "colo_region": "CHINA",
    "colo_code": "SHA",
    "isp_id": "4",
    "tier": "4",
    "edge": "1"
  },
  {
    "colo_id": 829,
    "colo_name": "ckg01",
    "colo_alias": "Chongqing, CN",
    "colo_city": "chongqing",
    "colo_state": "",
    "colo_note": "Baidus Chongqing DC - China Unicom",
    "colo_status": "V",
    "colo_region": "CHINA",
    "colo_code": "CKG",
    "isp_id": "4",
    "tier": "4",
    "edge": "1"
  },
  {
    "colo_id": 830,
    "colo_name": "tsn02",
    "colo_alias": "Tianjin, CN",
    "colo_city": "tianjin",
    "colo_state": "",
    "colo_note": "Baidus Tianjin DC - China Unicom",
    "colo_status": "V",
    "colo_region": "CHINA",
    "colo_code": "TSN",
    "isp_id": "4",
    "tier": "4",
    "edge": "1"
  },
  {
    "colo_id": 831,
    "colo_name": "tsn03",
    "colo_alias": "Tianjin, CN",
    "colo_city": "tianjin",
    "colo_state": "",
    "colo_note": "Baidus Tianjin DC - China Mobile",
    "colo_status": "V",
    "colo_region": "CHINA",
    "colo_code": "TSN",
    "isp_id": "6",
    "tier": "",
    "edge": "1"
  },
  {
    "colo_id": 832,
    "colo_name": "szx02",
    "colo_alias": "Dongguan, CN",
    "colo_city": "dongguan",
    "colo_state": "",
    "colo_note": "Baidus Dongguan DC",
    "colo_status": "V",
    "colo_region": "CHINA",
    "colo_code": "SZX",
    "isp_id": "2",
    "tier": "",
    "edge": "1"
  },
  {
    "colo_id": 897,
    "colo_name": "pek99",
    "colo_alias": "Beijing, CN",
    "colo_city": "beijing",
    "colo_state": "",
    "colo_note": "",
    "colo_status": "V",
    "colo_region": "CHINA",
    "colo_code": "PEK-BAIDU",
    "isp_id": "",
    "tier": "",
    "edge": ""
  },
  {
    "colo_id": 898,
    "colo_name": "can99",
    "colo_alias": "Guangzhou, CN",
    "colo_city": "guangzhou",
    "colo_state": "",
    "colo_note": "",
    "colo_status": "V",
    "colo_region": "CHINA",
    "colo_code": "CAN-BAIDU",
    "isp_id": "",
    "tier": "",
    "edge": ""
  },
  {
    "colo_id": 899,
    "colo_name": "hkg99",
    "colo_alias": "Hong Kong, HK",
    "colo_city": "hong kong",
    "colo_state": "",
    "colo_note": "",
    "colo_status": "V",
    "colo_region": "CHINA",
    "colo_code": "HKG-BAIDU",
    "isp_id": "",
    "tier": "",
    "edge": ""
  },
  {
    "colo_id": 900,
    "colo_name": "scrub_pvg01",
    "colo_alias": "Shanghai, CN",
    "colo_city": "shanghai",
    "colo_state": "",
    "colo_note": "Baidus Shanghai Scrub DC - China Telecom",
    "colo_status": "I",
    "colo_region": "CHINA",
    "colo_code": "PVG",
    "isp_id": "2",
    "tier": "",
    "edge": "1"
  },
  {
    "colo_id": 901,
    "colo_name": "scrub_szx01",
    "colo_alias": "Dongguan, CN",
    "colo_city": "dongguan",
    "colo_state": "",
    "colo_note": "Baidus Dongguan Scrub DC - China Telecom",
    "colo_status": "I",
    "colo_region": "CHINA",
    "colo_code": "SZX",
    "isp_id": "2",
    "tier": "",
    "edge": "1"
  },
  {
    "colo_id": 9999,
    "colo_name": "linode_uk",
    "colo_alias": "London, GB",
    "colo_city": "london",
    "colo_state": "",
    "colo_note": "linode server colo",
    "colo_status": "L",
    "colo_region": "",
    "colo_code": "",
    "isp_id": "",
    "tier": "",
    "edge": ""
  }
]
